date,time,open,high,low,close,volume
20221020,17:30:00,143.95,144.13,143.95,144.1,12
20221020,17:31:00,144.09,144.09,143.95,144.0,4
20221020,17:32:00,144.0,144.05,144.0,144.05,2
20221020,17:33:00,144.0,144.03,143.93,143.99,8
20221020,17:34:00,144.0,144.0,143.92,143.92,2
20221020,17:35:00,144.04,144.1,144.0,144.1,27
20221020,17:36:00,144.06,144.16,144.06,144.08,24
20221020,17:37:00,144.14,144.29,144.03,144.29,13
20221020,17:38:00,144.4,144.4,144.3,144.3,14
20221020,17:39:00,144.3,144.31,144.29,144.3,4
20221020,17:40:00,144.21,144.26,144.13,144.25,13
20221020,17:41:00,144.3,144.33,144.24,144.28,27
20221020,17:42:00,144.29,144.29,144.18,144.18,28
20221020,17:43:00,144.19,144.28,144.17,144.21,26
20221020,17:44:00,144.21,144.21,144.01,144.02,18
20221020,17:45:00,144.06,144.17,144.0,144.0,28
20221020,17:46:00,143.97,143.97,143.95,143.95,3
20221020,17:47:00,143.95,143.95,143.95,143.95,0
20221020,17:48:00,143.95,143.95,143.95,143.95,0
20221020,17:49:00,143.96,144.07,143.96,143.97,22
20221020,17:50:00,143.92,143.94,143.92,143.94,2
20221020,17:51:00,143.94,144.06,143.93,143.97,15
20221020,17:52:00,143.98,144.08,143.98,144.0,13
20221020,17:53:00,144.0,144.09,143.98,144.03,34
20221020,17:54:00,144.0,144.04,144.0,144.04,2
20221020,17:55:00,143.96,143.96,143.89,143.9,2
20221020,17:56:00,143.9,143.9,143.9,143.9,0
20221020,17:57:00,143.82,143.82,143.72,143.72,5
20221020,17:58:00,143.72,143.72,143.72,143.72,0
20221020,17:59:00,143.72,143.72,143.72,143.72,0
20221020,18:00:00,143.78,143.82,143.78,143.82,2
20221020,18:01:00,143.71,143.71,143.62,143.66,10
20221020,18:02:00,143.66,143.66,143.66,143.66,0
20221020,18:03:00,143.66,143.66,143.66,143.66,0
20221020,18:04:00,143.66,143.66,143.65,143.66,1
20221020,18:05:00,143.68,143.68,143.67,143.68,1
20221020,18:06:00,143.6,143.62,143.57,143.57,3
20221020,18:07:00,143.57,143.57,143.24,143.3,11
20221020,18:08:00,143.24,143.24,142.88,142.89,22
20221020,18:09:00,142.86,142.86,142.86,142.86,2
20221020,18:10:00,142.84,142.84,142.6,142.81,13
20221020,18:11:00,142.78,142.82,142.75,142.75,15
20221020,18:12:00,142.75,142.75,142.61,142.62,9
20221020,18:13:00,142.67,142.67,142.67,142.67,1
20221020,18:14:00,142.67,142.67,142.67,142.67,1
20221020,18:15:00,142.68,142.82,142.67,142.78,14
20221020,18:16:00,142.81,142.89,142.78,142.78,37
20221020,18:17:00,142.78,142.93,142.78,142.8,26
20221020,18:18:00,142.81,142.81,142.76,142.78,12
20221020,18:19:00,142.77,142.78,142.75,142.78,3
20221020,18:20:00,142.75,142.76,142.63,142.63,6
20221020,18:21:00,142.44,142.45,142.31,142.31,2
20221020,18:22:00,142.18,142.46,142.15,142.46,15
20221020,18:23:00,142.42,142.42,142.2,142.28,24
20221020,18:24:00,142.23,142.28,142.04,142.14,37
20221020,18:25:00,142.17,142.17,142.03,142.03,8
20221020,18:26:00,142.06,142.13,141.99,141.99,11
20221020,18:27:00,141.99,141.99,141.99,141.99,0
20221020,18:28:00,142.03,142.12,142.0,142.07,8
20221020,18:29:00,142.01,142.05,141.99,142.0,35
20221020,18:30:00,142.0,142.07,141.97,142.0,12
20221020,18:31:00,142.0,142.13,141.99,142.08,33
20221020,18:32:00,142.1,142.22,142.08,142.14,16
20221020,18:33:00,142.15,142.16,142.11,142.11,12
20221020,18:34:00,142.11,142.17,142.09,142.12,11
20221020,18:35:00,142.12,142.14,142.11,142.14,5
20221020,18:36:00,142.14,142.14,142.1,142.1,2
20221020,18:37:00,142.19,142.21,142.18,142.21,3
20221020,18:38:00,142.16,142.16,141.94,141.94,5
20221020,18:39:00,141.86,141.89,141.8,141.8,12
20221020,18:40:00,141.82,141.88,141.82,141.88,2
20221020,18:41:00,141.91,141.91,141.91,141.91,2
20221020,18:42:00,141.91,141.91,141.91,141.91,0
20221020,18:43:00,141.83,141.84,141.67,141.67,25
20221020,18:44:00,141.65,141.73,141.65,141.72,2
20221020,18:45:00,141.72,141.73,141.53,141.63,6
20221020,18:46:00,141.52,141.57,141.52,141.56,3
20221020,18:47:00,141.56,141.56,141.56,141.56,0
20221020,18:48:00,141.56,141.56,141.56,141.56,0
20221020,18:49:00,141.55,141.57,141.55,141.57,3
20221020,18:50:00,141.57,141.57,141.47,141.47,6
20221020,18:51:00,141.61,141.61,141.53,141.53,2
20221020,18:52:00,141.66,141.66,141.62,141.62,2
20221020,18:53:00,141.53,141.53,141.53,141.53,1
20221020,18:54:00,141.56,141.56,141.56,141.56,1
20221020,18:55:00,141.59,141.6,141.59,141.59,2
20221020,18:56:00,141.61,141.61,141.61,141.61,1
20221020,18:57:00,141.8,141.97,141.74,141.97,7
20221020,18:58:00,141.93,141.93,141.84,141.84,9
20221020,18:59:00,141.86,141.93,141.85,141.93,8
20221020,19:00:00,141.91,141.91,141.91,141.91,1
20221020,19:01:00,141.8,141.83,141.8,141.81,4
20221020,19:02:00,141.81,141.82,141.81,141.81,1
20221020,19:03:00,141.87,142.0,141.85,142.0,7
20221020,19:04:00,142.13,142.13,142.09,142.09,2
20221020,19:05:00,142.09,142.09,142.09,142.09,2
20221020,19:06:00,142.08,142.08,141.71,141.72,12
20221020,19:07:00,141.51,141.51,141.12,141.34,30
20221020,19:08:00,141.16,141.19,141.15,141.17,20
20221020,19:09:00,141.02,141.32,141.02,141.32,4
20221020,19:10:00,141.41,141.41,141.41,141.41,1
20221020,19:11:00,141.41,141.41,141.41,141.41,0
20221020,19:12:00,141.41,141.41,141.41,141.41,0
20221020,19:13:00,141.7,141.78,141.68,141.68,8
20221020,19:14:00,141.68,141.68,141.68,141.68,0
20221020,19:15:00,141.53,141.54,141.53,141.54,2
20221020,19:16:00,141.54,141.54,141.54,141.54,0
20221020,19:17:00,141.54,141.54,141.54,141.54,0
20221020,19:18:00,141.53,141.53,141.43,141.43,3
20221020,19:19:00,141.34,141.34,141.34,141.34,1
20221020,19:20:00,141.35,141.42,141.35,141.41,2
20221020,19:21:00,141.43,141.53,141.43,141.53,2
20221020,19:22:00,141.64,141.93,141.64,141.93,3
20221020,19:23:00,141.96,141.96,141.7,141.7,3
20221020,19:24:00,141.7,141.7,141.7,141.7,0
20221020,19:25:00,141.68,141.69,141.68,141.69,4
20221020,19:26:00,141.75,141.76,141.75,141.75,4
20221020,19:27:00,141.75,141.76,141.75,141.75,1
20221020,19:28:00,141.83,141.83,141.82,141.83,1
20221020,19:29:00,141.96,141.96,141.96,141.96,1
20221020,19:30:00,141.87,141.87,141.67,141.67,9
20221020,19:31:00,141.58,141.67,141.52,141.67,7
20221020,19:32:00,141.59,141.61,140.99,141.17,131
20221020,19:33:00,141.22,141.33,141.22,141.23,10
20221020,19:34:00,141.23,141.23,141.23,141.23,0
20221020,19:35:00,141.21,141.5,141.21,141.5,18
20221020,19:36:00,141.53,141.54,141.53,141.53,1
20221020,19:37:00,141.53,141.53,141.53,141.53,0
20221020,19:38:00,141.62,141.62,141.62,141.62,2
20221020,19:39:00,141.62,141.62,141.62,141.62,1
20221020,19:40:00,141.72,141.72,141.63,141.63,2
20221020,19:41:00,141.52,141.52,141.52,141.52,1
20221020,19:42:00,141.47,141.49,141.4,141.4,5
20221020,19:43:00,141.62,141.8,141.62,141.79,4
20221020,19:44:00,141.79,141.79,141.79,141.79,1
20221020,19:45:00,141.79,141.79,141.79,141.79,0
20221020,19:46:00,141.7,141.74,141.7,141.74,3
20221020,19:47:00,141.62,141.64,141.57,141.57,3
20221020,19:48:00,141.44,141.55,141.44,141.55,2
20221020,19:49:00,141.55,141.55,141.36,141.44,10
20221020,19:50:00,141.41,141.52,141.4,141.52,5
20221020,19:51:00,141.4,141.49,141.4,141.49,2
20221020,19:52:00,141.53,141.64,141.52,141.64,2
20221020,19:53:00,141.64,141.64,141.62,141.62,4
20221020,19:54:00,141.75,141.75,141.75,141.75,1
20221020,19:55:00,141.53,141.55,141.49,141.55,7
20221020,19:56:00,141.44,141.51,141.44,141.51,2
20221020,19:57:00,141.73,141.73,141.73,141.73,1
20221020,19:58:00,141.71,141.76,141.71,141.76,2
20221020,19:59:00,141.7,141.76,141.65,141.7,6
20221020,20:00:00,141.73,141.73,141.73,141.73,1
20221020,20:01:00,141.71,141.73,141.7,141.73,6
20221020,20:02:00,141.69,141.69,141.6,141.6,2
20221020,20:03:00,141.63,141.63,141.53,141.53,2
20221020,20:04:00,141.57,141.57,141.52,141.52,2
20221020,20:05:00,141.61,141.61,141.53,141.53,2
20221020,20:06:00,141.52,141.67,141.52,141.67,5
20221020,20:07:00,141.55,141.55,141.54,141.55,1
20221020,20:08:00,141.46,141.46,141.35,141.37,11
20221020,20:09:00,141.39,141.4,141.39,141.4,5
20221020,20:10:00,141.39,141.39,141.38,141.39,2
20221020,20:11:00,141.29,141.29,141.29,141.29,1
20221020,20:12:00,141.34,141.34,141.24,141.25,3
20221020,20:13:00,141.13,141.22,141.13,141.22,2
20221020,20:14:00,141.22,141.22,141.22,141.22,0
20221020,20:15:00,141.31,141.35,141.31,141.35,2
20221020,20:16:00,141.35,141.35,141.35,141.35,0
20221020,20:17:00,141.36,141.36,141.35,141.36,1
20221020,20:18:00,141.42,141.42,141.42,141.42,1
20221020,20:19:00,141.39,141.43,141.39,141.43,2
20221020,20:20:00,141.43,141.46,141.35,141.35,7
20221020,20:21:00,141.31,141.33,141.26,141.26,7
20221020,20:22:00,141.26,141.26,141.26,141.26,0
20221020,20:23:00,141.26,141.26,141.26,141.26,0
20221020,20:24:00,141.26,141.26,141.26,141.26,0
20221020,20:25:00,141.36,141.36,141.29,141.29,4
20221020,20:26:00,141.29,141.29,141.29,141.29,0
20221020,20:27:00,141.29,141.29,141.29,141.29,0
20221020,20:28:00,141.29,141.29,141.29,141.29,0
20221020,20:29:00,141.29,141.29,141.29,141.29,0
20221020,20:30:00,141.27,141.27,141.26,141.26,3
20221020,20:31:00,141.33,141.33,141.33,141.33,1
20221020,20:32:00,141.33,141.33,141.33,141.33,1
20221020,20:33:00,141.55,141.55,141.55,141.55,1
20221020,20:34:00,141.54,141.54,141.54,141.54,1
20221020,20:35:00,141.54,141.54,141.54,141.54,0
20221020,20:36:00,141.58,141.63,141.57,141.63,2
20221020,20:37:00,141.63,141.63,141.63,141.63,0
20221020,20:38:00,141.58,141.67,141.58,141.67,5
20221020,20:39:00,141.59,141.59,141.53,141.57,9
20221020,20:40:00,141.57,141.57,141.57,141.57,0
20221020,20:41:00,141.48,141.48,141.45,141.46,3
20221020,20:42:00,141.46,141.46,141.4,141.4,2
20221020,20:43:00,141.29,141.29,141.29,141.29,1
20221020,20:44:00,141.33,141.33,141.32,141.33,2
20221020,20:45:00,141.33,141.33,141.33,141.33,0
20221020,20:46:00,141.22,141.22,141.21,141.22,1
20221020,20:47:00,141.24,141.39,141.24,141.33,3
20221020,20:48:00,141.55,141.55,141.55,141.55,1
20221020,20:49:00,141.55,141.55,141.55,141.55,0
20221020,20:50:00,141.44,141.44,141.39,141.39,5
20221020,20:51:00,141.46,141.46,141.46,141.46,1
20221020,20:52:00,141.46,141.46,141.46,141.46,0
20221020,20:53:00,141.65,141.65,141.65,141.65,1
20221020,20:54:00,141.65,141.65,141.65,141.65,0
20221020,20:55:00,141.7,141.73,141.62,141.73,10
20221020,20:56:00,141.75,141.76,141.75,141.75,1
20221020,20:57:00,141.94,141.96,141.94,141.96,3
20221020,20:58:00,141.97,142.02,141.94,141.94,4
20221020,20:59:00,141.94,141.95,141.89,141.89,14
20221020,21:00:00,141.89,141.89,141.89,141.89,0
20221020,21:01:00,141.93,141.93,141.93,141.93,2
20221020,21:02:00,141.94,142.03,141.93,142.0,9
20221020,21:03:00,141.93,142.01,141.93,142.01,2
20221020,21:04:00,141.93,141.94,141.93,141.94,4
20221020,21:05:00,141.94,141.95,141.92,141.93,3
20221020,21:06:00,142.03,142.4,142.02,142.39,11
20221020,21:07:00,142.44,142.52,142.44,142.52,5
20221020,21:08:00,142.46,142.48,142.46,142.48,4
20221020,21:09:00,142.54,142.54,142.5,142.5,6
20221020,21:10:00,142.57,142.57,142.4,142.5,38
20221020,21:11:00,142.63,142.63,142.46,142.46,22
20221020,21:12:00,142.4,142.4,142.28,142.33,5
20221020,21:13:00,142.33,142.33,142.33,142.33,0
20221020,21:14:00,142.43,142.43,142.43,142.43,1
20221020,21:15:00,142.43,142.43,142.43,142.43,0
20221020,21:16:00,142.4,142.47,142.39,142.4,5
20221020,21:17:00,142.35,142.37,142.24,142.24,18
20221020,21:18:00,142.28,142.28,142.28,142.28,1
20221020,21:19:00,142.25,142.25,142.21,142.21,4
20221020,21:20:00,142.15,142.15,142.09,142.09,4
20221020,21:21:00,142.04,142.05,142.04,142.05,3
20221020,21:22:00,141.99,141.99,141.99,141.99,3
20221020,21:23:00,142.03,142.07,142.02,142.03,7
20221020,21:24:00,142.02,142.16,142.02,142.16,6
20221020,21:25:00,142.19,142.19,142.1,142.15,7
20221020,21:26:00,142.09,142.09,142.09,142.09,2
20221020,21:27:00,142.12,142.12,142.04,142.04,6
20221020,21:28:00,142.04,142.04,142.04,142.04,0
20221020,21:29:00,142.13,142.27,142.13,142.27,8
20221020,21:30:00,142.19,142.27,142.1,142.1,7
20221020,21:31:00,142.09,142.09,142.09,142.09,3
20221020,21:32:00,142.09,142.09,142.09,142.09,0
20221020,21:33:00,142.23,142.28,142.23,142.28,5
20221020,21:34:00,142.12,142.19,142.11,142.19,5
20221020,21:35:00,142.18,142.18,142.11,142.11,4
20221020,21:36:00,142.08,142.13,142.06,142.13,20
20221020,21:37:00,142.22,142.22,142.12,142.13,5
20221020,21:38:00,142.16,142.28,142.15,142.25,12
20221020,21:39:00,142.22,142.22,142.11,142.11,8
20221020,21:40:00,142.14,142.17,142.1,142.14,20
20221020,21:41:00,142.14,142.17,142.14,142.17,4
20221020,21:42:00,142.17,142.17,142.13,142.17,4
20221020,21:43:00,142.14,142.32,142.13,142.32,10
20221020,21:44:00,142.36,142.42,142.34,142.42,7
20221020,21:45:00,142.29,142.42,142.25,142.27,26
20221020,21:46:00,142.36,142.43,142.36,142.43,8
20221020,21:47:00,142.52,142.58,142.52,142.58,5
20221020,21:48:00,142.59,142.59,142.47,142.49,34
20221020,21:49:00,142.47,142.51,142.44,142.51,25
20221020,21:50:00,142.49,142.67,142.49,142.65,14
20221020,21:51:00,142.61,142.78,142.57,142.76,49
20221020,21:52:00,142.79,142.85,142.69,142.82,25
20221020,21:53:00,142.85,142.99,142.85,142.97,84
20221020,21:54:00,142.91,143.11,142.9,143.11,51
20221020,21:55:00,143.08,143.11,142.94,142.96,80
20221020,21:56:00,142.94,143.11,142.94,143.03,51
20221020,21:57:00,143.03,143.09,142.97,143.07,78
20221020,21:58:00,143.01,143.08,142.85,142.9,103
20221020,21:59:00,142.9,143.02,142.9,142.99,94
20221021,15:30:00,144.07,144.07,143.02,143.34,195
20221021,15:31:00,142.99,143.29,142.99,143.28,2
20221021,15:32:00,143.68,143.68,143.68,143.68,4
20221021,15:33:00,143.6,143.67,143.55,143.67,8
20221021,15:34:00,143.5,143.61,143.5,143.61,3
20221021,15:35:00,143.49,143.49,143.48,143.49,1
20221021,15:36:00,143.49,143.49,143.49,143.49,0
20221021,15:37:00,143.72,143.79,143.7,143.79,6
20221021,15:38:00,144.24,144.24,144.24,144.24,1
20221021,15:39:00,143.5,144.01,143.45,143.96,20
20221021,15:40:00,143.91,144.11,143.9,144.11,3
20221021,15:41:00,143.93,143.93,143.92,143.93,8
20221021,15:42:00,143.82,143.82,143.82,143.82,1
20221021,15:43:00,143.8,143.8,143.79,143.8,1
20221021,15:44:00,144.04,144.26,143.52,144.26,9
20221021,15:45:00,144.52,144.64,144.42,144.42,12
20221021,15:46:00,145.0,145.44,145.0,145.44,5
20221021,15:47:00,145.37,145.37,145.23,145.27,6
20221021,15:48:00,145.16,145.16,144.92,144.92,2
20221021,15:49:00,144.9,145.07,144.9,145.06,4
20221021,15:50:00,145.01,145.01,145.01,145.01,1
20221021,15:51:00,144.92,144.93,144.71,144.71,6
20221021,15:52:00,144.65,145.1,144.64,145.1,5
20221021,15:53:00,145.0,145.19,145.0,145.19,5
20221021,15:54:00,145.19,145.19,145.19,145.19,0
20221021,15:55:00,145.23,145.23,145.08,145.08,2
20221021,15:56:00,145.09,145.19,145.09,145.19,3
20221021,15:57:00,145.12,145.26,145.12,145.26,5
20221021,15:58:00,145.26,145.49,145.26,145.49,5
20221021,15:59:00,145.64,145.99,145.64,145.99,11
20221021,16:00:00,145.86,145.86,145.73,145.83,6
20221021,16:01:00,145.93,145.93,145.93,145.93,1
20221021,16:02:00,145.63,145.69,145.63,145.69,2
20221021,16:03:00,145.59,145.59,145.59,145.59,1
20221021,16:04:00,145.75,145.75,145.72,145.72,3
20221021,16:05:00,145.73,145.87,145.73,145.87,6
20221021,16:06:00,145.89,146.06,145.89,146.06,4
20221021,16:07:00,146.14,146.2,146.13,146.2,4
20221021,16:08:00,146.03,146.28,146.02,146.25,4
20221021,16:09:00,146.14,146.16,145.96,145.99,11
20221021,16:10:00,145.99,146.05,145.99,146.05,5
20221021,16:11:00,146.02,146.02,146.01,146.01,2
20221021,16:12:00,146.0,146.0,146.0,146.0,2
20221021,16:13:00,146.0,146.0,146.0,146.0,0
20221021,16:14:00,146.11,146.11,146.09,146.09,2
20221021,16:15:00,146.22,146.27,146.19,146.27,4
20221021,16:16:00,146.36,146.36,145.97,145.97,17
20221021,16:17:00,145.98,146.18,145.98,146.0,17
20221021,16:18:00,146.0,146.0,146.0,146.0,0
20221021,16:19:00,146.0,146.0,146.0,146.0,0
20221021,16:20:00,145.83,145.83,145.69,145.77,6
20221021,16:21:00,145.62,145.62,145.61,145.61,2
20221021,16:22:00,145.73,145.73,145.73,145.73,1
20221021,16:23:00,145.6,145.6,145.53,145.53,4
20221021,16:24:00,145.53,145.53,145.53,145.53,0
20221021,16:25:00,144.83,144.92,144.83,144.92,6
20221021,16:26:00,144.87,144.87,144.77,144.77,5
20221021,16:27:00,144.71,145.01,144.71,144.95,15
20221021,16:28:00,144.68,144.68,144.45,144.54,8
20221021,16:29:00,144.52,144.52,144.52,144.52,1
20221021,16:30:00,144.52,144.52,144.52,144.52,0
20221021,16:31:00,144.86,144.86,144.85,144.86,1
20221021,16:32:00,144.9,144.9,144.75,144.87,5
20221021,16:33:00,144.68,144.68,144.68,144.68,1
20221021,16:34:00,144.72,144.72,144.72,144.72,1
20221021,16:35:00,144.54,144.65,144.39,144.39,11
20221021,16:36:00,144.37,144.37,144.36,144.37,1
20221021,16:37:00,144.55,144.55,144.55,144.55,3
20221021,16:38:00,144.61,144.61,144.5,144.56,8
20221021,16:39:00,144.47,144.47,144.47,144.47,1
20221021,16:40:00,144.55,144.55,144.51,144.54,5
20221021,16:41:00,144.47,144.81,144.47,144.81,2
20221021,16:42:00,144.57,144.57,144.36,144.36,5
20221021,16:43:00,144.36,144.36,144.36,144.36,0
20221021,16:44:00,144.28,144.61,144.28,144.61,7
20221021,16:45:00,144.61,144.61,144.61,144.61,0
20221021,16:46:00,144.63,144.64,144.63,144.63,1
20221021,16:47:00,144.78,144.99,144.78,144.99,3
20221021,16:48:00,145.24,145.24,145.24,145.24,1
20221021,16:49:00,145.01,145.1,144.93,145.04,10
20221021,16:50:00,145.04,145.04,145.04,145.04,0
20221021,16:51:00,145.04,145.04,145.04,145.04,0
20221021,16:52:00,145.24,145.24,145.19,145.19,2
20221021,16:53:00,145.19,145.19,145.19,145.19,0
20221021,16:54:00,145.11,145.11,145.11,145.11,1
20221021,16:55:00,144.95,145.02,144.95,145.02,3
20221021,16:56:00,144.83,144.83,144.78,144.78,2
20221021,16:57:00,144.75,144.75,144.6,144.6,10
20221021,16:58:00,144.36,144.48,144.35,144.48,4
20221021,16:59:00,144.75,144.75,144.7,144.7,4
20221021,17:00:00,144.59,144.59,144.54,144.55,6
20221021,17:01:00,144.44,144.44,144.44,144.44,1
20221021,17:02:00,144.44,144.44,144.44,144.44,0
20221021,17:03:00,144.44,144.44,144.44,144.44,2
20221021,17:04:00,144.34,144.34,144.34,144.34,1
20221021,17:05:00,144.34,144.34,144.34,144.34,0
20221021,17:06:00,144.41,144.41,144.39,144.39,2
20221021,17:07:00,144.47,144.48,144.36,144.36,2
20221021,17:08:00,144.36,144.36,144.36,144.36,0
20221021,17:09:00,144.72,144.72,144.72,144.72,2
20221021,17:10:00,144.72,144.72,144.72,144.72,0
20221021,17:11:00,144.87,144.97,144.86,144.97,2
20221021,17:12:00,144.82,144.9,144.64,144.78,12
20221021,17:13:00,144.78,144.78,144.78,144.78,4
20221021,17:14:00,144.78,144.78,144.78,144.78,0
20221021,17:15:00,144.68,144.68,144.68,144.68,1
20221021,17:16:00,144.69,144.69,144.69,144.69,1
20221021,17:17:00,144.77,144.77,144.77,144.77,1
20221021,17:18:00,144.71,144.71,144.62,144.62,6
20221021,17:19:00,144.63,144.63,144.63,144.63,1
20221021,17:20:00,144.49,144.49,144.49,144.49,1
20221021,17:21:00,144.75,144.75,144.75,144.75,2
20221021,17:22:00,144.84,144.84,144.84,144.84,1
20221021,17:23:00,144.87,144.87,144.87,144.87,2
20221021,17:24:00,144.72,144.72,144.66,144.66,2
20221021,17:25:00,144.84,144.84,144.84,144.84,1
20221021,17:26:00,145.24,145.24,145.09,145.09,3
20221021,17:27:00,145.15,145.16,145.07,145.08,4
20221021,17:28:00,145.08,145.12,145.08,145.12,4
20221021,17:29:00,145.12,145.12,145.12,145.12,0
20221021,17:30:00,145.12,145.12,145.12,145.12,0
20221021,17:31:00,145.51,145.73,145.51,145.73,8
20221021,17:32:00,145.61,145.79,145.61,145.79,3
20221021,17:33:00,145.79,145.79,145.79,145.79,0
20221021,17:34:00,145.81,145.81,145.81,145.81,1
20221021,17:35:00,145.8,145.8,145.67,145.67,4
20221021,17:36:00,145.67,145.67,145.67,145.67,2
20221021,17:37:00,145.57,145.57,145.47,145.47,5
20221021,17:38:00,145.58,145.6,145.58,145.6,6
20221021,17:39:00,145.67,145.67,145.67,145.67,2
20221021,17:40:00,145.75,145.77,145.71,145.71,5
20221021,17:41:00,145.71,145.71,145.71,145.71,0
20221021,17:42:00,146.0,146.0,146.0,146.0,1
20221021,17:43:00,146.07,146.12,146.07,146.12,5
20221021,17:44:00,146.3,146.3,146.3,146.3,1
20221021,17:45:00,146.3,146.34,146.29,146.34,2
20221021,17:46:00,146.34,146.34,146.34,146.34,0
20221021,17:47:00,146.47,146.59,146.28,146.36,19
20221021,17:48:00,146.56,146.56,146.56,146.56,6
20221021,17:49:00,146.57,146.6,146.45,146.6,13
20221021,17:50:00,146.6,146.6,146.6,146.6,1
20221021,17:51:00,146.67,146.67,146.56,146.59,4
20221021,17:52:00,146.54,146.57,146.54,146.57,3
20221021,17:53:00,146.57,146.57,146.57,146.57,0
20221021,17:54:00,146.57,146.57,146.57,146.57,0
20221021,17:55:00,146.64,146.64,146.62,146.63,5
20221021,17:56:00,146.63,146.63,146.63,146.63,0
20221021,17:57:00,146.73,146.73,146.73,146.73,2
20221021,17:58:00,146.72,146.86,146.7,146.81,5
20221021,17:59:00,146.81,146.81,146.81,146.81,0
20221021,18:00:00,146.9,146.9,146.9,146.9,2
20221021,18:01:00,147.09,147.09,147.07,147.07,5
20221021,18:02:00,147.07,147.07,147.07,147.07,0
20221021,18:03:00,147.07,147.07,147.07,147.07,0
20221021,18:04:00,147.11,147.15,147.11,147.15,2
20221021,18:05:00,147.03,147.03,147.01,147.01,3
20221021,18:06:00,147.01,147.01,147.01,147.01,0
20221021,18:07:00,146.95,146.95,146.95,146.95,1
20221021,18:08:00,146.95,146.95,146.95,146.95,0
20221021,18:09:00,146.95,146.95,146.95,146.95,0
20221021,18:10:00,146.9,146.9,146.78,146.78,7
20221021,18:11:00,146.68,146.68,146.68,146.68,1
20221021,18:12:00,146.68,146.68,146.68,146.68,0
20221021,18:13:00,146.52,146.71,146.52,146.71,12
20221021,18:14:00,146.76,146.76,146.76,146.76,1
20221021,18:15:00,146.79,146.81,146.79,146.81,3
20221021,18:16:00,146.76,146.85,146.76,146.84,8
20221021,18:17:00,146.83,146.83,146.69,146.69,2
20221021,18:18:00,146.56,146.56,146.56,146.56,1
20221021,18:19:00,146.56,146.56,146.56,146.56,0
20221021,18:20:00,146.4,146.4,146.4,146.4,1
20221021,18:21:00,146.4,146.4,146.4,146.4,0
20221021,18:22:00,146.61,146.61,146.6,146.61,1
20221021,18:23:00,146.74,146.74,146.74,146.74,1
20221021,18:24:00,146.74,146.74,146.74,146.74,0
20221021,18:25:00,146.86,146.97,146.85,146.97,5
20221021,18:26:00,146.97,146.97,146.74,146.74,4
20221021,18:27:00,146.73,146.73,146.72,146.72,2
20221021,18:28:00,146.54,146.58,146.54,146.58,2
20221021,18:29:00,146.49,146.49,146.48,146.49,7
20221021,18:30:00,146.49,146.49,146.49,146.49,0
20221021,18:31:00,146.49,146.49,146.49,146.49,0
20221021,18:32:00,146.48,146.56,146.47,146.56,3
20221021,18:33:00,146.56,146.56,146.56,146.56,0
20221021,18:34:00,146.77,146.85,146.77,146.84,4
20221021,18:35:00,146.76,146.76,146.76,146.76,2
20221021,18:36:00,146.83,146.83,146.82,146.83,1
20221021,18:37:00,146.72,146.92,146.72,146.92,4
20221021,18:38:00,147.0,147.0,146.69,146.69,5
20221021,18:39:00,146.59,146.59,146.46,146.46,2
20221021,18:40:00,146.7,146.7,146.7,146.7,2
20221021,18:41:00,146.81,146.82,146.72,146.72,3
20221021,18:42:00,146.72,146.72,146.72,146.72,0
20221021,18:43:00,146.76,146.84,146.76,146.84,3
20221021,18:44:00,146.84,146.84,146.84,146.84,0
20221021,18:45:00,146.9,147.03,146.9,147.03,4
20221021,18:46:00,147.11,147.17,147.11,147.17,2
20221021,18:47:00,147.17,147.17,147.13,147.14,3
20221021,18:48:00,147.24,147.24,147.21,147.21,3
20221021,18:49:00,147.17,147.26,147.17,147.26,2
20221021,18:50:00,147.26,147.26,147.26,147.26,0
20221021,18:51:00,147.47,147.47,147.41,147.42,2
20221021,18:52:00,147.34,147.34,147.32,147.32,5
20221021,18:53:00,147.32,147.32,147.32,147.32,0
20221021,18:54:00,147.39,147.39,147.38,147.39,1
20221021,18:55:00,147.3,147.3,147.3,147.3,1
20221021,18:56:00,147.2,147.2,147.12,147.12,3
20221021,18:57:00,147.12,147.12,147.12,147.12,0
20221021,18:58:00,147.12,147.12,147.12,147.12,0
20221021,18:59:00,147.12,147.12,147.12,147.12,0
20221021,19:00:00,147.13,147.19,147.13,147.13,9
20221021,19:01:00,147.13,147.13,147.13,147.13,0
20221021,19:02:00,147.1,147.1,147.1,147.1,1
20221021,19:03:00,147.28,147.29,147.15,147.15,3
20221021,19:04:00,147.24,147.26,147.16,147.16,4
20221021,19:05:00,147.16,147.17,147.13,147.17,5
20221021,19:06:00,147.14,147.15,147.14,147.15,2
20221021,19:07:00,147.17,147.17,147.08,147.08,7
20221021,19:08:00,147.08,147.08,147.08,147.08,0
20221021,19:09:00,146.95,146.96,146.95,146.96,2
20221021,19:10:00,146.96,146.96,146.96,146.96,0
20221021,19:11:00,146.87,146.87,146.86,146.86,2
20221021,19:12:00,146.88,146.88,146.76,146.81,19
20221021,19:13:00,146.86,146.89,146.81,146.86,5
20221021,19:14:00,146.86,146.86,146.86,146.86,0
20221021,19:15:00,146.74,146.75,146.68,146.68,8
20221021,19:16:00,146.66,146.73,146.66,146.73,2
20221021,19:17:00,146.85,146.85,146.85,146.85,1
20221021,19:18:00,146.85,146.85,146.81,146.85,5
20221021,19:19:00,146.85,146.85,146.85,146.85,0
20221021,19:20:00,146.86,146.86,146.86,146.86,1
20221021,19:21:00,146.86,146.86,146.86,146.86,0
20221021,19:22:00,146.87,146.87,146.73,146.73,3
20221021,19:23:00,146.64,146.64,146.54,146.55,2
20221021,19:24:00,146.6,146.64,146.6,146.64,2
20221021,19:25:00,146.53,146.54,146.5,146.5,2
20221021,19:26:00,146.55,146.61,146.54,146.61,7
20221021,19:27:00,146.61,146.61,146.61,146.61,0
20221021,19:28:00,146.61,146.61,146.61,146.61,0
20221021,19:29:00,146.61,146.61,146.61,146.61,0
20221021,19:30:00,146.71,146.71,146.71,146.71,1
20221021,19:31:00,146.8,146.8,146.77,146.78,4
20221021,19:32:00,146.78,146.78,146.78,146.78,0
20221021,19:33:00,146.91,146.91,146.85,146.85,2
20221021,19:34:00,146.84,146.84,146.67,146.67,8
20221021,19:35:00,146.74,146.74,146.74,146.74,2
20221021,19:36:00,146.81,146.81,146.71,146.71,2
20221021,19:37:00,146.64,146.64,146.63,146.64,1
20221021,19:38:00,146.64,146.64,146.64,146.64,0
20221021,19:39:00,146.64,146.64,146.64,146.64,0
20221021,19:40:00,146.72,146.76,146.72,146.74,4
20221021,19:41:00,146.87,146.87,146.83,146.83,3
20221021,19:42:00,146.83,146.83,146.83,146.83,0
20221021,19:43:00,146.92,146.92,146.92,146.92,2
20221021,19:44:00,146.81,146.81,146.76,146.76,6
20221021,19:45:00,146.97,146.97,146.97,146.97,2
20221021,19:46:00,147.0,147.0,146.85,146.85,20
20221021,19:47:00,146.85,146.85,146.85,146.85,0
20221021,19:48:00,146.85,146.85,146.85,146.85,0
20221021,19:49:00,147.0,147.0,147.0,147.0,2
20221021,19:50:00,146.99,147.15,146.99,147.15,13
20221021,19:51:00,147.09,147.09,147.02,147.02,6
20221021,19:52:00,147.03,147.03,147.01,147.01,4
20221021,19:53:00,146.96,146.96,146.96,146.96,1
20221021,19:54:00,146.96,146.96,146.96,146.96,0
20221021,19:55:00,147.05,147.05,147.05,147.05,2
20221021,19:56:00,147.05,147.05,147.05,147.05,0
20221021,19:57:00,147.05,147.05,147.05,147.05,0
20221021,19:58:00,147.15,147.15,147.05,147.05,12
20221021,19:59:00,147.05,147.05,147.05,147.05,0
20221021,20:00:00,147.09,147.1,147.09,147.09,1
20221021,20:01:00,147.15,147.22,147.15,147.22,14
20221021,20:02:00,147.18,147.28,147.17,147.17,12
20221021,20:03:00,147.18,147.26,147.18,147.25,2
20221021,20:04:00,147.22,147.23,147.22,147.22,1
20221021,20:05:00,147.19,147.19,147.19,147.19,1
20221021,20:06:00,147.19,147.19,147.19,147.19,0
20221021,20:07:00,147.28,147.29,147.28,147.29,2
20221021,20:08:00,147.34,147.34,147.34,147.34,1
20221021,20:09:00,147.39,147.4,147.39,147.4,2
20221021,20:10:00,147.42,147.42,147.34,147.38,9
20221021,20:11:00,147.41,147.41,147.4,147.41,1
20221021,20:12:00,147.38,147.38,147.29,147.38,20
20221021,20:13:00,147.33,147.33,147.26,147.26,5
20221021,20:14:00,147.22,147.22,147.15,147.15,5
20221021,20:15:00,147.22,147.22,147.08,147.09,13
20221021,20:16:00,147.01,147.01,146.98,147.01,4
20221021,20:17:00,147.01,147.01,147.01,147.01,0
20221021,20:18:00,147.01,147.01,147.01,147.01,0
20221021,20:19:00,147.01,147.01,147.01,147.01,0
20221021,20:20:00,147.01,147.01,147.01,147.01,0
20221021,20:21:00,147.01,147.01,147.01,147.01,0
20221021,20:22:00,147.01,147.01,147.01,147.01,0
20221021,20:23:00,147.01,147.01,147.01,147.01,0
20221021,20:24:00,147.01,147.01,147.01,147.01,0
20221021,20:25:00,147.01,147.01,147.01,147.01,0
20221021,20:26:00,146.81,146.81,146.81,146.81,2
20221021,20:27:00,146.78,146.87,146.77,146.87,3
20221021,20:28:00,146.87,146.87,146.87,146.87,0
20221021,20:29:00,146.87,146.87,146.87,146.87,0
20221021,20:30:00,147.08,147.11,147.07,147.11,2
20221021,20:31:00,147.11,147.11,147.11,147.11,0
20221021,20:32:00,147.07,147.07,147.07,147.07,1
20221021,20:33:00,147.07,147.07,147.07,147.07,0
20221021,20:34:00,147.01,147.01,147.01,147.01,4
20221021,20:35:00,146.96,146.98,146.93,146.94,8
20221021,20:36:00,146.94,146.94,146.91,146.91,2
20221021,20:37:00,146.91,146.96,146.91,146.93,5
20221021,20:38:00,146.94,146.94,146.86,146.86,2
20221021,20:39:00,146.89,146.89,146.89,146.89,1
20221021,20:40:00,146.89,146.89,146.89,146.89,0
20221021,20:41:00,146.89,146.89,146.89,146.89,0
20221021,20:42:00,146.87,146.87,146.81,146.81,4
20221021,20:43:00,146.81,146.81,146.81,146.81,0
20221021,20:44:00,146.76,146.76,146.76,146.76,2
20221021,20:45:00,146.67,146.81,146.67,146.77,11
20221021,20:46:00,146.77,146.77,146.77,146.77,0
20221021,20:47:00,146.77,146.77,146.77,146.77,0
20221021,20:48:00,146.77,146.77,146.77,146.77,0
20221021,20:49:00,146.75,146.76,146.72,146.72,3
20221021,20:50:00,146.82,146.88,146.7,146.7,12
20221021,20:51:00,146.67,146.67,146.64,146.65,4
20221021,20:52:00,146.65,146.65,146.65,146.65,0
20221021,20:53:00,146.65,146.65,146.65,146.65,0
20221021,20:54:00,146.65,146.65,146.65,146.65,0
20221021,20:55:00,146.61,146.61,146.54,146.54,4
20221021,20:56:00,146.54,146.54,146.54,146.54,0
20221021,20:57:00,146.6,146.67,146.57,146.63,27
20221021,20:58:00,146.69,146.69,146.64,146.69,5
20221021,20:59:00,146.71,146.71,146.71,146.71,1
20221021,21:00:00,146.71,146.71,146.71,146.71,0
20221021,21:01:00,146.72,146.81,146.72,146.81,2
20221021,21:02:00,146.83,146.83,146.77,146.77,7
20221021,21:03:00,146.83,146.87,146.78,146.84,14
20221021,21:04:00,146.84,146.84,146.84,146.84,0
20221021,21:05:00,146.84,146.89,146.84,146.84,3
20221021,21:06:00,146.84,146.84,146.84,146.84,0
20221021,21:07:00,146.89,146.89,146.81,146.81,3
20221021,21:08:00,146.83,146.83,146.83,146.83,1
20221021,21:09:00,146.83,146.83,146.83,146.83,0
20221021,21:10:00,146.84,146.89,146.84,146.88,5
20221021,21:11:00,146.96,147.02,146.96,147.02,3
20221021,21:12:00,147.0,147.0,147.0,147.0,1
20221021,21:13:00,147.02,147.02,147.0,147.0,2
20221021,21:14:00,147.04,147.12,147.04,147.12,4
20221021,21:15:00,147.1,147.13,147.1,147.12,2
20221021,21:16:00,147.14,147.14,147.11,147.11,2
20221021,21:17:00,147.1,147.24,147.1,147.19,10
20221021,21:18:00,147.25,147.33,147.18,147.21,15
20221021,21:19:00,147.17,147.19,147.15,147.15,8
20221021,21:20:00,147.05,147.05,147.05,147.05,1
20221021,21:21:00,147.11,147.13,147.07,147.13,11
20221021,21:22:00,147.09,147.09,146.94,146.95,17
20221021,21:23:00,146.97,146.97,146.9,146.9,4
20221021,21:24:00,146.93,146.95,146.93,146.95,5
20221021,21:25:00,146.99,147.03,146.99,147.03,6
20221021,21:26:00,147.03,147.03,147.03,147.03,0
20221021,21:27:00,147.08,147.08,147.05,147.05,3
20221021,21:28:00,147.13,147.13,147.13,147.13,2
20221021,21:29:00,147.13,147.13,147.13,147.13,0
20221021,21:30:00,147.15,147.15,147.1,147.1,5
20221021,21:31:00,147.18,147.21,147.18,147.21,5
20221021,21:32:00,147.22,147.22,147.07,147.07,18
20221021,21:33:00,147.07,147.09,147.07,147.09,2
20221021,21:34:00,147.05,147.11,146.98,147.06,11
20221021,21:35:00,147.03,147.03,147.03,147.03,1
20221021,21:36:00,147.03,147.1,147.03,147.08,6
20221021,21:37:00,147.12,147.13,147.07,147.07,6
20221021,21:38:00,147.04,147.08,147.01,147.08,5
20221021,21:39:00,147.03,147.18,147.02,147.18,25
20221021,21:40:00,147.19,147.19,147.18,147.19,2
20221021,21:41:00,147.12,147.16,147.12,147.12,6
20221021,21:42:00,147.12,147.16,147.12,147.16,3
20221021,21:43:00,147.3,147.36,147.3,147.35,6
20221021,21:44:00,147.37,147.37,147.37,147.37,7
20221021,21:45:00,147.35,147.42,147.32,147.36,14
20221021,21:46:00,147.36,147.36,147.36,147.36,0
20221021,21:47:00,147.4,147.42,147.4,147.42,3
20221021,21:48:00,147.45,147.53,147.45,147.52,7
20221021,21:49:00,147.53,147.68,147.53,147.68,11
20221021,21:50:00,147.8,148.13,147.63,147.69,70
20221021,21:51:00,147.69,147.69,147.55,147.59,19
20221021,21:52:00,147.57,147.74,147.57,147.69,20
20221021,21:53:00,147.72,147.74,147.68,147.69,10
20221021,21:54:00,147.73,147.9,147.73,147.86,49
20221021,21:55:00,147.76,147.77,147.61,147.74,36
20221021,21:56:00,147.68,147.83,147.66,147.77,65
20221021,21:57:00,147.8,147.93,147.7,147.81,123
20221021,21:58:00,147.82,147.82,147.59,147.67,99
20221021,21:59:00,147.67,147.76,147.59,147.63,81
20221024,15:30:00,147.81,147.81,147.81,147.81,39
20221024,15:31:00,147.91,148.38,147.69,147.69,4
20221024,15:32:00,147.81,147.81,147.8,147.81,1
20221024,15:33:00,147.37,147.37,147.37,147.37,1
20221024,15:34:00,147.43,147.74,147.43,147.53,3
20221024,15:35:00,147.5,147.76,147.5,147.63,4
20221024,15:36:00,147.63,147.73,147.5,147.7,9
20221024,15:37:00,147.69,147.69,147.58,147.6,7
20221024,15:38:00,147.58,148.22,147.57,148.22,6
20221024,15:39:00,147.52,147.52,147.5,147.5,2
20221024,15:40:00,146.75,146.88,146.45,146.75,7
20221024,15:41:00,146.75,147.25,146.75,147.25,4
20221024,15:42:00,147.25,147.25,147.25,147.25,0
20221024,15:43:00,147.25,147.25,147.25,147.25,0
20221024,15:44:00,147.25,147.25,147.25,147.25,0
20221024,15:45:00,147.47,148.27,147.39,148.18,12
20221024,15:46:00,148.18,148.18,148.18,148.18,0
20221024,15:47:00,148.41,148.87,148.41,148.87,4
20221024,15:48:00,148.72,148.72,148.41,148.41,3
20221024,15:49:00,148.26,148.26,148.26,148.26,2
20221024,15:50:00,148.09,148.1,148.01,148.01,2
20221024,15:51:00,148.01,148.01,148.01,148.01,0
20221024,15:52:00,148.06,148.06,147.59,147.61,12
20221024,15:53:00,148.27,148.27,148.27,148.27,1
20221024,15:54:00,148.27,148.27,148.27,148.27,0
20221024,15:55:00,148.34,148.4,148.08,148.08,7
20221024,15:56:00,148.03,148.15,148.03,148.15,4
20221024,15:57:00,148.02,148.02,147.62,147.62,6
20221024,15:58:00,147.68,147.68,147.68,147.68,1
20221024,15:59:00,147.64,147.64,147.64,147.64,1
20221024,16:00:00,147.0,147.23,147.0,147.23,4
20221024,16:01:00,147.14,147.14,146.91,146.91,2
20221024,16:02:00,147.05,147.06,146.52,146.52,50
20221024,16:03:00,146.59,146.59,146.51,146.51,2
20221024,16:04:00,146.52,146.52,146.5,146.5,2
20221024,16:05:00,146.23,146.32,146.23,146.32,2
20221024,16:06:00,146.32,146.32,146.32,146.32,0
20221024,16:07:00,146.66,146.66,146.45,146.46,6
20221024,16:08:00,146.25,146.25,145.9,145.9,6
20221024,16:09:00,145.79,145.92,145.79,145.92,13
20221024,16:10:00,145.92,145.92,145.92,145.92,0
20221024,16:11:00,146.18,146.23,146.18,146.22,4
20221024,16:12:00,146.33,146.43,146.33,146.43,4
20221024,16:13:00,146.53,146.53,146.53,146.53,1
20221024,16:14:00,146.65,146.65,146.65,146.65,2
20221024,16:15:00,146.62,146.7,146.62,146.68,5
20221024,16:16:00,146.49,146.49,146.48,146.48,2
20221024,16:17:00,146.53,146.61,146.46,146.46,3
20221024,16:18:00,146.45,146.45,146.45,146.45,1
20221024,16:19:00,146.45,146.45,146.45,146.45,0
20221024,16:20:00,146.29,146.29,146.13,146.2,8
20221024,16:21:00,146.13,146.18,145.96,146.1,7
20221024,16:22:00,146.22,146.33,146.16,146.27,9
20221024,16:23:00,146.17,146.17,146.16,146.16,2
20221024,16:24:00,146.09,146.09,146.09,146.09,1
20221024,16:25:00,146.09,146.13,145.95,146.13,4
20221024,16:26:00,146.08,146.08,146.08,146.08,1
20221024,16:27:00,146.08,146.08,146.08,146.08,0
20221024,16:28:00,146.08,146.08,146.08,146.08,0
20221024,16:29:00,146.28,146.44,146.28,146.36,5
20221024,16:30:00,146.18,146.18,146.17,146.18,2
20221024,16:31:00,146.18,146.18,146.18,146.18,0
20221024,16:32:00,146.47,146.47,146.46,146.47,1
20221024,16:33:00,146.47,146.47,146.47,146.47,0
20221024,16:34:00,146.58,146.58,146.58,146.58,1
20221024,16:35:00,146.61,146.94,146.61,146.8,9
20221024,16:36:00,146.8,146.8,146.8,146.8,0
20221024,16:37:00,146.8,146.8,146.8,146.8,0
20221024,16:38:00,146.55,146.56,146.55,146.56,2
20221024,16:39:00,146.72,146.73,146.39,146.39,14
20221024,16:40:00,146.38,146.78,146.38,146.62,13
20221024,16:41:00,146.62,146.62,146.62,146.62,0
20221024,16:42:00,146.47,146.48,146.46,146.47,3
20221024,16:43:00,146.3,146.3,146.3,146.3,1
20221024,16:44:00,146.45,146.45,146.45,146.45,1
20221024,16:45:00,146.43,146.46,146.34,146.46,8
20221024,16:46:00,146.47,146.47,146.47,146.47,1
20221024,16:47:00,146.59,146.66,146.59,146.66,4
20221024,16:48:00,146.6,146.61,146.51,146.61,20
20221024,16:49:00,146.61,146.61,146.61,146.61,0
20221024,16:50:00,146.24,146.52,146.23,146.52,7
20221024,16:51:00,146.52,146.52,146.52,146.52,0
20221024,16:52:00,146.52,146.52,146.52,146.52,0
20221024,16:53:00,146.94,146.99,146.93,146.99,3
20221024,16:54:00,146.78,146.78,146.68,146.69,5
20221024,16:55:00,146.67,146.67,146.6,146.61,2
20221024,16:56:00,146.58,146.7,146.58,146.7,4
20221024,16:57:00,146.59,146.59,146.59,146.59,1
20221024,16:58:00,146.62,146.67,146.62,146.67,2
20221024,16:59:00,146.85,147.17,146.85,147.17,6
20221024,17:00:00,147.06,147.06,146.89,146.89,7
20221024,17:01:00,147.0,147.2,147.0,147.2,2
20221024,17:02:00,147.2,147.2,147.2,147.2,0
20221024,17:03:00,147.15,147.15,147.15,147.15,1
20221024,17:04:00,146.99,147.0,146.99,147.0,2
20221024,17:05:00,146.93,146.93,146.92,146.93,1
20221024,17:06:00,146.95,146.95,146.95,146.95,1
20221024,17:07:00,146.86,146.9,146.85,146.9,4
20221024,17:08:00,146.84,146.98,146.83,146.86,7
20221024,17:09:00,146.88,146.89,146.82,146.83,4
20221024,17:10:00,146.81,146.94,146.81,146.94,8
20221024,17:11:00,146.98,147.0,146.98,146.98,4
20221024,17:12:00,147.06,147.06,146.9,146.9,2
20221024,17:13:00,147.04,147.12,147.04,147.12,3
20221024,17:14:00,147.31,147.31,147.21,147.22,2
20221024,17:15:00,147.22,147.22,147.22,147.22,0
20221024,17:16:00,147.4,147.4,147.31,147.31,2
20221024,17:17:00,147.16,147.16,146.87,146.87,6
20221024,17:18:00,146.89,146.91,146.88,146.91,2
20221024,17:19:00,146.91,146.91,146.91,146.91,0
20221024,17:20:00,147.07,147.17,147.07,147.17,4
20221024,17:21:00,147.29,147.45,147.17,147.3,7
20221024,17:22:00,147.38,147.38,147.38,147.38,1
20221024,17:23:00,147.28,147.36,147.28,147.36,4
20221024,17:24:00,147.31,147.34,147.31,147.31,7
20221024,17:25:00,147.21,147.21,147.21,147.21,1
20221024,17:26:00,147.16,147.16,147.13,147.14,3
20221024,17:27:00,147.29,147.37,147.24,147.37,12
20221024,17:28:00,147.33,147.33,147.33,147.33,1
20221024,17:29:00,147.33,147.33,147.33,147.33,0
20221024,17:30:00,147.32,147.32,147.32,147.32,1
20221024,17:31:00,147.27,147.27,147.27,147.27,1
20221024,17:32:00,147.27,147.27,147.27,147.27,0
20221024,17:33:00,147.27,147.27,147.27,147.27,0
20221024,17:34:00,147.33,147.39,147.33,147.37,3
20221024,17:35:00,147.46,147.77,147.44,147.72,9
20221024,17:36:00,147.72,147.76,147.69,147.76,4
20221024,17:37:00,147.76,147.76,147.76,147.76,0
20221024,17:38:00,147.81,147.83,147.73,147.73,4
20221024,17:39:00,147.7,147.9,147.68,147.9,3
20221024,17:40:00,147.86,147.86,147.85,147.86,1
20221024,17:41:00,147.86,147.86,147.86,147.86,0
20221024,17:42:00,147.75,147.75,147.74,147.75,1
20221024,17:43:00,147.88,147.93,147.87,147.93,2
20221024,17:44:00,147.65,147.65,147.65,147.65,1
20221024,17:45:00,147.63,147.63,147.62,147.63,1
20221024,17:46:00,147.45,147.49,147.26,147.26,5
20221024,17:47:00,147.38,147.38,147.37,147.37,3
20221024,17:48:00,147.37,147.37,147.37,147.37,0
20221024,17:49:00,147.38,147.38,147.38,147.38,1
20221024,17:50:00,147.38,147.38,147.38,147.38,0
20221024,17:51:00,147.68,147.72,147.68,147.72,4
20221024,17:52:00,147.75,147.88,147.75,147.88,2
20221024,17:53:00,147.88,147.88,147.88,147.88,0
20221024,17:54:00,147.88,147.88,147.88,147.88,0
20221024,17:55:00,147.88,147.88,147.88,147.88,0
20221024,17:56:00,148.0,148.0,147.82,147.87,12
20221024,17:57:00,148.0,148.02,147.97,148.01,7
20221024,17:58:00,148.06,148.16,148.06,148.16,2
20221024,17:59:00,148.16,148.16,148.16,148.16,0
20221024,18:00:00,148.02,148.08,148.02,148.05,5
20221024,18:01:00,148.05,148.05,148.05,148.05,0
20221024,18:02:00,147.92,147.92,147.92,147.92,3
20221024,18:03:00,147.92,147.92,147.92,147.92,0
20221024,18:04:00,147.8,147.84,147.79,147.84,2
20221024,18:05:00,147.72,147.72,147.72,147.72,1
20221024,18:06:00,147.74,147.74,147.73,147.74,1
20221024,18:07:00,147.55,147.55,147.55,147.55,1
20221024,18:08:00,147.77,147.78,147.77,147.78,2
20221024,18:09:00,147.75,147.75,147.59,147.59,7
20221024,18:10:00,147.66,147.66,147.66,147.66,1
20221024,18:11:00,147.66,147.66,147.66,147.66,0
20221024,18:12:00,147.79,147.79,147.77,147.79,4
20221024,18:13:00,147.75,147.75,147.74,147.75,2
20221024,18:14:00,147.8,147.87,147.8,147.87,6
20221024,18:15:00,147.87,147.87,147.87,147.87,0
20221024,18:16:00,147.92,147.92,147.92,147.92,1
20221024,18:17:00,147.98,148.02,147.95,147.97,5
20221024,18:18:00,148.07,148.08,148.07,148.08,2
20221024,18:19:00,148.08,148.08,148.08,148.08,0
20221024,18:20:00,148.09,148.09,147.95,147.95,8
20221024,18:21:00,147.85,147.85,147.85,147.85,4
20221024,18:22:00,147.96,147.97,147.96,147.97,3
20221024,18:23:00,147.97,147.97,147.97,147.97,0
20221024,18:24:00,148.08,148.1,148.08,148.09,2
20221024,18:25:00,148.09,148.09,148.09,148.09,0
20221024,18:26:00,147.99,147.99,147.94,147.94,2
20221024,18:27:00,147.94,147.94,147.94,147.94,0
20221024,18:28:00,147.94,147.94,147.94,147.94,0
20221024,18:29:00,147.94,147.94,147.94,147.94,0
20221024,18:30:00,147.94,147.94,147.94,147.94,0
20221024,18:31:00,147.97,147.97,147.88,147.89,2
20221024,18:32:00,147.84,147.84,147.84,147.84,1
20221024,18:33:00,147.8,147.8,147.8,147.8,1
20221024,18:34:00,147.8,147.8,147.8,147.8,0
20221024,18:35:00,147.8,147.8,147.8,147.8,0
20221024,18:36:00,147.8,147.8,147.8,147.8,2
20221024,18:37:00,147.83,147.83,147.83,147.83,1
20221024,18:38:00,147.77,147.77,147.77,147.77,2
20221024,18:39:00,147.85,147.85,147.71,147.71,2
20221024,18:40:00,147.73,147.73,147.73,147.73,1
20221024,18:41:00,147.73,147.73,147.73,147.73,0
20221024,18:42:00,147.72,147.72,147.72,147.72,1
20221024,18:43:00,147.72,147.72,147.72,147.72,0
20221024,18:44:00,147.72,147.72,147.72,147.72,0
20221024,18:45:00,147.89,147.99,147.89,147.99,6
20221024,18:46:00,147.96,148.03,147.96,147.99,3
20221024,18:47:00,147.99,147.99,147.99,147.99,0
20221024,18:48:00,147.98,147.98,147.94,147.94,2
20221024,18:49:00,147.96,147.96,147.96,147.96,1
20221024,18:50:00,147.96,147.96,147.96,147.96,0
20221024,18:51:00,147.96,147.96,147.96,147.96,0
20221024,18:52:00,148.22,148.22,148.22,148.22,2
20221024,18:53:00,148.2,148.21,148.2,148.2,1
20221024,18:54:00,148.2,148.2,148.2,148.2,0
20221024,18:55:00,148.2,148.2,148.2,148.2,0
20221024,18:56:00,148.12,148.12,148.09,148.09,2
20221024,18:57:00,148.09,148.09,148.09,148.09,1
20221024,18:58:00,147.95,147.95,147.95,147.95,1
20221024,18:59:00,147.94,147.94,147.94,147.94,1
20221024,19:00:00,147.94,147.94,147.94,147.94,0
20221024,19:01:00,147.86,147.86,147.79,147.79,4
20221024,19:02:00,147.83,147.83,147.8,147.81,4
20221024,19:03:00,147.81,147.81,147.81,147.81,0
20221024,19:04:00,147.93,147.93,147.93,147.93,1
20221024,19:05:00,147.9,147.91,147.9,147.91,2
20221024,19:06:00,147.91,147.91,147.91,147.91,0
20221024,19:07:00,148.02,148.04,148.02,148.04,3
20221024,19:08:00,148.04,148.04,148.04,148.04,0
20221024,19:09:00,148.09,148.14,148.09,148.14,2
20221024,19:10:00,148.08,148.08,148.03,148.03,4
20221024,19:11:00,147.83,147.84,147.83,147.83,2
20221024,19:12:00,147.81,147.81,147.81,147.81,1
20221024,19:13:00,147.81,147.81,147.81,147.81,0
20221024,19:14:00,147.81,147.81,147.81,147.81,0
20221024,19:15:00,147.81,147.81,147.81,147.81,0
20221024,19:16:00,147.79,147.79,147.79,147.79,1
20221024,19:17:00,147.79,147.79,147.79,147.79,0
20221024,19:18:00,147.92,147.92,147.89,147.89,3
20221024,19:19:00,147.86,147.86,147.86,147.86,1
20221024,19:20:00,147.99,147.99,147.78,147.83,7
20221024,19:21:00,147.73,147.84,147.72,147.84,3
20221024,19:22:00,147.72,147.72,147.72,147.72,1
20221024,19:23:00,147.72,147.73,147.62,147.62,2
20221024,19:24:00,147.72,147.72,147.71,147.72,3
20221024,19:25:00,147.81,147.88,147.81,147.88,5
20221024,19:26:00,147.94,147.94,147.93,147.94,1
20221024,19:27:00,147.93,147.93,147.9,147.9,2
20221024,19:28:00,147.9,147.9,147.9,147.9,0
20221024,19:29:00,147.9,147.9,147.9,147.9,0
20221024,19:30:00,147.86,147.86,147.86,147.86,1
20221024,19:31:00,147.86,147.91,147.86,147.91,4
20221024,19:32:00,147.86,147.86,147.84,147.84,2
20221024,19:33:00,147.97,148.02,147.97,148.02,3
20221024,19:34:00,148.02,148.02,148.02,148.02,0
20221024,19:35:00,147.98,147.98,147.98,147.98,1
20221024,19:36:00,148.1,148.11,147.86,147.86,10
20221024,19:37:00,147.95,147.95,147.95,147.95,2
20221024,19:38:00,147.99,147.99,147.92,147.97,8
20221024,19:39:00,148.04,148.05,147.99,148.05,3
20221024,19:40:00,148.05,148.05,148.05,148.05,0
20221024,19:41:00,148.13,148.13,148.05,148.13,6
20221024,19:42:00,148.12,148.2,148.12,148.2,2
20221024,19:43:00,148.22,148.22,148.22,148.22,1
20221024,19:44:00,148.22,148.22,148.22,148.22,0
20221024,19:45:00,148.22,148.22,148.22,148.22,0
20221024,19:46:00,148.28,148.29,148.28,148.28,3
20221024,19:47:00,148.25,148.26,148.18,148.19,3
20221024,19:48:00,148.23,148.26,148.23,148.26,3
20221024,19:49:00,148.27,148.27,148.26,148.27,1
20221024,19:50:00,148.27,148.27,148.21,148.23,7
20221024,19:51:00,148.23,148.23,148.23,148.23,0
20221024,19:52:00,148.23,148.23,148.23,148.23,0
20221024,19:53:00,148.23,148.23,148.23,148.23,0
20221024,19:54:00,148.23,148.23,148.23,148.23,0
20221024,19:55:00,148.23,148.23,148.23,148.23,0
20221024,19:56:00,148.32,148.32,148.32,148.32,1
20221024,19:57:00,148.26,148.31,148.25,148.3,4
20221024,19:58:00,148.3,148.3,148.3,148.3,0
20221024,19:59:00,148.3,148.3,148.3,148.3,0
20221024,20:00:00,148.16,148.42,148.16,148.31,16
20221024,20:01:00,148.34,148.34,148.33,148.34,1
20221024,20:02:00,148.34,148.34,148.34,148.34,0
20221024,20:03:00,148.54,148.55,148.54,148.55,2
20221024,20:04:00,148.44,148.44,148.36,148.44,7
20221024,20:05:00,148.51,148.52,148.51,148.52,2
20221024,20:06:00,148.47,148.47,148.47,148.47,1
20221024,20:07:00,148.63,148.63,148.62,148.63,1
20221024,20:08:00,148.63,148.63,148.63,148.63,0
20221024,20:09:00,148.51,148.59,148.25,148.4,78
20221024,20:10:00,148.39,148.45,148.29,148.45,33
20221024,20:11:00,148.47,148.48,148.35,148.35,84
20221024,20:12:00,148.35,148.35,148.35,148.35,0
20221024,20:13:00,148.42,148.42,148.41,148.42,1
20221024,20:14:00,148.42,148.49,148.41,148.49,2
20221024,20:15:00,148.41,148.49,148.41,148.49,3
20221024,20:16:00,148.48,148.49,148.41,148.41,4
20221024,20:17:00,148.41,148.48,148.41,148.48,3
20221024,20:18:00,148.49,148.51,148.49,148.5,8
20221024,20:19:00,148.44,148.44,148.4,148.4,7
20221024,20:20:00,148.44,148.49,148.43,148.45,9
20221024,20:21:00,148.32,148.34,148.19,148.19,4
20221024,20:22:00,148.21,148.21,148.21,148.21,2
20221024,20:23:00,148.21,148.21,148.21,148.21,0
20221024,20:24:00,148.22,148.34,148.22,148.34,6
20221024,20:25:00,148.34,148.34,148.34,148.34,0
20221024,20:26:00,148.34,148.34,148.34,148.34,0
20221024,20:27:00,148.38,148.38,148.38,148.38,1
20221024,20:28:00,148.37,148.37,148.34,148.34,6
20221024,20:29:00,148.29,148.3,148.29,148.29,3
20221024,20:30:00,148.29,148.29,148.29,148.29,0
20221024,20:31:00,148.29,148.29,148.29,148.29,0
20221024,20:32:00,148.29,148.29,148.29,148.29,0
20221024,20:33:00,148.2,148.2,148.2,148.2,1
20221024,20:34:00,148.19,148.19,148.19,148.19,1
20221024,20:35:00,148.19,148.19,148.19,148.19,0
20221024,20:36:00,148.14,148.35,148.06,148.34,62
20221024,20:37:00,148.31,148.31,148.29,148.31,5
20221024,20:38:00,148.34,148.4,148.32,148.4,11
20221024,20:39:00,148.4,148.45,148.29,148.34,36
20221024,20:40:00,148.25,148.26,148.14,148.21,71
20221024,20:41:00,148.22,148.29,148.22,148.29,7
20221024,20:42:00,148.34,148.45,148.34,148.45,6
20221024,20:43:00,148.5,148.7,148.45,148.67,22
20221024,20:44:00,148.68,148.68,148.67,148.68,4
20221024,20:45:00,148.58,148.58,148.58,148.58,1
20221024,20:46:00,148.6,148.6,148.6,148.6,1
20221024,20:47:00,148.6,148.6,148.6,148.6,0
20221024,20:48:00,148.67,148.67,148.66,148.67,1
20221024,20:49:00,148.74,148.74,148.68,148.68,2
20221024,20:50:00,148.69,148.69,148.59,148.59,4
20221024,20:51:00,148.59,148.59,148.59,148.59,0
20221024,20:52:00,148.59,148.59,148.59,148.59,0
20221024,20:53:00,148.75,148.75,148.75,148.75,3
20221024,20:54:00,148.75,148.75,148.75,148.75,0
20221024,20:55:00,148.75,148.75,148.75,148.75,0
20221024,20:56:00,148.75,148.75,148.75,148.75,0
20221024,20:57:00,148.74,148.96,148.74,148.88,8
20221024,20:58:00,148.82,148.82,148.81,148.81,6
20221024,20:59:00,148.78,148.78,148.78,148.78,2
20221024,21:00:00,148.78,148.78,148.78,148.78,0
20221024,21:01:00,148.83,148.83,148.83,148.83,1
20221024,21:02:00,148.83,148.83,148.82,148.83,3
20221024,21:03:00,148.89,148.89,148.88,148.89,2
20221024,21:04:00,148.83,148.86,148.8,148.86,13
20221024,21:05:00,148.88,148.88,148.83,148.88,4
20221024,21:06:00,148.84,148.88,148.84,148.88,2
20221024,21:07:00,148.88,148.88,148.88,148.88,0
20221024,21:08:00,148.83,148.83,148.83,148.83,1
20221024,21:09:00,148.8,148.8,148.76,148.76,8
20221024,21:10:00,148.78,148.9,148.77,148.9,12
20221024,21:11:00,148.9,148.9,148.9,148.9,4
20221024,21:12:00,148.88,148.88,148.88,148.88,1
20221024,21:13:00,148.93,148.93,148.93,148.93,1
20221024,21:14:00,148.95,148.95,148.95,148.95,1
20221024,21:15:00,148.99,149.0,148.95,148.97,4
20221024,21:16:00,149.04,149.08,149.04,149.08,2
20221024,21:17:00,149.21,149.21,149.06,149.06,11
20221024,21:18:00,149.09,149.11,149.07,149.07,3
20221024,21:19:00,149.07,149.07,149.07,149.07,0
20221024,21:20:00,149.07,149.07,149.07,149.07,0
20221024,21:21:00,149.07,149.07,149.07,149.07,0
20221024,21:22:00,149.07,149.07,148.93,148.97,8
20221024,21:23:00,148.93,148.95,148.9,148.91,4
20221024,21:24:00,148.9,148.9,148.9,148.9,2
20221024,21:25:00,148.94,148.94,148.83,148.85,5
20221024,21:26:00,148.85,148.99,148.85,148.99,2
20221024,21:27:00,148.86,148.86,148.86,148.86,2
20221024,21:28:00,148.88,148.88,148.81,148.81,7
20221024,21:29:00,148.72,148.72,148.61,148.67,4
20221024,21:30:00,148.67,148.74,148.67,148.73,8
20221024,21:31:00,148.73,148.76,148.73,148.75,3
20221024,21:32:00,148.68,148.68,148.64,148.68,5
20221024,21:33:00,148.63,148.69,148.61,148.64,14
20221024,21:34:00,148.61,148.63,148.55,148.63,9
20221024,21:35:00,148.63,148.63,148.62,148.63,1
20221024,21:36:00,148.58,148.71,148.57,148.64,8
20221024,21:37:00,148.63,148.64,148.63,148.64,2
20221024,21:38:00,148.66,148.66,148.65,148.66,1
20221024,21:39:00,148.66,148.66,148.65,148.66,2
20221024,21:40:00,148.66,148.66,148.66,148.66,0
20221024,21:41:00,148.63,148.66,148.61,148.66,12
20221024,21:42:00,148.66,148.67,148.62,148.64,5
20221024,21:43:00,148.65,148.65,148.63,148.63,2
20221024,21:44:00,148.62,148.66,148.61,148.66,4
20221024,21:45:00,148.63,148.78,148.57,148.74,15
20221024,21:46:00,148.8,148.82,148.79,148.82,4
20221024,21:47:00,148.82,148.85,148.82,148.85,3
20221024,21:48:00,148.85,148.86,148.79,148.79,7
20221024,21:49:00,148.79,148.83,148.78,148.8,11
20221024,21:50:00,148.82,148.93,148.82,148.93,8
20221024,21:51:00,148.86,148.99,148.85,148.95,65
20221024,21:52:00,148.95,149.0,148.95,148.96,35
20221024,21:53:00,148.96,148.96,148.74,148.74,39
20221024,21:54:00,148.8,148.85,148.67,148.68,56
20221024,21:55:00,148.65,148.69,148.38,148.46,140
20221024,21:56:00,148.52,148.52,148.35,148.35,100
20221024,21:57:00,148.41,148.49,148.28,148.46,96
20221024,21:58:00,148.46,148.47,148.35,148.38,92
20221024,21:59:00,148.43,148.58,148.39,148.58,70
20221025,15:30:00,149.45,149.71,149.45,149.71,60
20221025,15:31:00,149.3,149.3,149.29,149.3,1
20221025,15:32:00,149.96,149.96,148.88,148.88,8
20221025,15:33:00,150.0,150.03,150.0,150.03,2
20221025,15:34:00,150.03,150.03,150.03,150.03,0
20221025,15:35:00,150.03,150.03,150.03,150.03,0
20221025,15:36:00,149.68,150.09,149.19,149.65,16
20221025,15:37:00,150.19,150.19,149.97,149.97,2
20221025,15:38:00,149.97,149.97,149.97,149.97,0
20221025,15:39:00,149.97,149.97,149.97,149.97,0
20221025,15:40:00,149.97,149.97,149.97,149.97,0
20221025,15:41:00,150.31,150.59,150.16,150.42,17
20221025,15:42:00,150.1,150.1,150.1,150.1,1
20221025,15:43:00,150.1,150.1,150.1,150.1,0
20221025,15:44:00,149.98,150.26,149.98,150.26,2
20221025,15:45:00,150.26,150.26,150.14,150.15,3
20221025,15:46:00,150.37,151.09,150.37,151.0,32
20221025,15:47:00,151.04,151.46,151.02,151.02,14
20221025,15:48:00,151.12,151.19,151.1,151.1,5
20221025,15:49:00,151.13,151.63,151.13,151.63,15
20221025,15:50:00,151.45,151.61,151.11,151.27,25
20221025,15:51:00,151.27,151.27,151.27,151.27,0
20221025,15:52:00,151.27,151.27,151.27,151.27,0
20221025,15:53:00,151.27,151.27,151.27,151.27,0
20221025,15:54:00,151.27,151.27,151.27,151.27,0
20221025,15:55:00,151.27,151.27,151.27,151.27,0
20221025,15:56:00,151.15,151.77,151.14,151.71,12
20221025,15:57:00,151.57,151.68,151.43,151.43,15
20221025,15:58:00,151.17,151.33,151.17,151.32,4
20221025,15:59:00,151.28,151.28,151.28,151.28,1
20221025,16:00:00,151.44,151.65,151.44,151.65,8
20221025,16:01:00,151.56,151.56,151.37,151.39,4
20221025,16:02:00,151.56,151.64,151.51,151.52,6
20221025,16:03:00,151.33,151.33,151.33,151.33,1
20221025,16:04:00,151.33,151.33,151.33,151.33,0
20221025,16:05:00,151.16,151.32,151.15,151.31,10
20221025,16:06:00,151.25,151.43,151.25,151.36,5
20221025,16:07:00,151.39,151.39,151.32,151.32,6
20221025,16:08:00,151.37,151.37,151.22,151.23,3
20221025,16:09:00,151.17,151.17,151.17,151.17,1
20221025,16:10:00,151.28,151.41,151.27,151.41,3
20221025,16:11:00,151.38,151.38,150.98,150.98,12
20221025,16:12:00,150.8,150.8,150.8,150.8,1
20221025,16:13:00,150.9,150.9,150.89,150.9,31
20221025,16:14:00,150.87,150.87,150.87,150.87,1
20221025,16:15:00,150.97,151.12,150.97,151.12,8
20221025,16:16:00,151.16,151.16,150.85,151.0,22
20221025,16:17:00,150.83,150.99,150.83,150.99,4
20221025,16:18:00,150.91,150.94,150.91,150.92,4
20221025,16:19:00,150.83,150.83,150.71,150.71,3
20221025,16:20:00,150.93,150.94,150.93,150.94,2
20221025,16:21:00,151.0,151.0,151.0,151.0,1
20221025,16:22:00,150.82,150.82,150.82,150.82,1
20221025,16:23:00,150.89,150.9,150.88,150.9,3
20221025,16:24:00,150.9,150.9,150.9,150.9,0
20221025,16:25:00,151.08,151.21,151.02,151.02,13
20221025,16:26:00,150.95,150.95,150.95,150.95,2
20221025,16:27:00,150.94,150.94,150.57,150.59,75
20221025,16:28:00,150.85,151.04,150.8,150.82,34
20221025,16:29:00,150.83,150.83,150.82,150.82,2
20221025,16:30:00,150.69,150.69,150.69,150.69,1
20221025,16:31:00,150.93,150.93,150.65,150.71,10
20221025,16:32:00,150.69,150.94,150.68,150.94,14
20221025,16:33:00,150.94,150.94,150.94,150.94,0
20221025,16:34:00,151.06,151.31,151.05,151.31,10
20221025,16:35:00,151.32,151.37,151.28,151.29,13
20221025,16:36:00,151.22,151.28,151.22,151.28,3
20221025,16:37:00,151.15,151.15,151.0,151.0,13
20221025,16:38:00,151.0,151.0,151.0,151.0,0
20221025,16:39:00,151.06,151.06,150.94,151.0,4
20221025,16:40:00,151.0,151.0,151.0,151.0,0
20221025,16:41:00,151.0,151.0,151.0,151.0,1
20221025,16:42:00,150.98,150.98,150.98,150.98,1
20221025,16:43:00,150.98,150.98,150.98,150.98,0
20221025,16:44:00,150.81,150.81,150.81,150.81,1
20221025,16:45:00,150.97,150.97,150.6,150.6,17
20221025,16:46:00,150.89,150.89,150.89,150.89,1
20221025,16:47:00,150.89,150.89,150.89,150.89,0
20221025,16:48:00,150.87,150.91,150.8,150.88,8
20221025,16:49:00,150.95,150.95,150.95,150.95,1
20221025,16:50:00,150.89,150.99,150.88,150.99,3
20221025,16:51:00,150.89,150.89,150.89,150.89,1
20221025,16:52:00,151.06,151.06,150.96,150.98,4
20221025,16:53:00,150.98,150.98,150.98,150.98,0
20221025,16:54:00,150.78,150.94,150.78,150.89,26
20221025,16:55:00,150.95,150.95,150.89,150.92,5
20221025,16:56:00,151.0,151.0,151.0,151.0,1
20221025,16:57:00,150.89,150.91,150.71,150.71,29
20221025,16:58:00,150.72,150.78,150.71,150.71,43
20221025,16:59:00,150.76,150.76,150.71,150.71,3
20221025,17:00:00,150.67,150.81,150.66,150.7,98
20221025,17:01:00,150.72,150.8,150.72,150.8,19
20221025,17:02:00,150.8,150.8,150.8,150.8,0
20221025,17:03:00,151.16,151.16,150.93,150.94,6
20221025,17:04:00,151.02,151.02,151.02,151.02,1
20221025,17:05:00,151.2,151.2,151.13,151.19,7
20221025,17:06:00,151.12,151.12,151.07,151.07,6
20221025,17:07:00,151.16,151.29,151.16,151.21,8
20221025,17:08:00,151.24,151.37,151.24,151.37,6
20221025,17:09:00,151.35,151.71,151.35,151.67,18
20221025,17:10:00,151.62,151.62,151.42,151.42,6
20221025,17:11:00,151.44,151.44,151.31,151.31,12
20221025,17:12:00,151.37,151.39,151.37,151.38,5
20221025,17:13:00,151.38,151.38,151.38,151.38,0
20221025,17:14:00,151.33,151.33,151.32,151.33,4
20221025,17:15:00,151.29,151.29,151.29,151.29,2
20221025,17:16:00,151.29,151.29,151.29,151.29,0
20221025,17:17:00,151.29,151.29,151.29,151.29,0
20221025,17:18:00,151.29,151.29,151.29,151.29,0
20221025,17:19:00,151.25,151.31,151.25,151.31,3
20221025,17:20:00,151.37,151.37,151.29,151.36,4
20221025,17:21:00,151.41,151.47,151.4,151.47,2
20221025,17:22:00,151.49,151.49,151.31,151.31,9
20221025,17:23:00,151.3,151.3,151.27,151.28,2
20221025,17:24:00,151.28,151.28,151.28,151.28,0
20221025,17:25:00,151.3,151.3,151.16,151.16,8
20221025,17:26:00,151.15,151.29,151.15,151.21,24
20221025,17:27:00,151.21,151.27,151.21,151.21,8
20221025,17:28:00,151.21,151.21,151.19,151.21,10
20221025,17:29:00,151.21,151.21,151.21,151.21,1
20221025,17:30:00,151.15,151.31,151.15,151.31,39
20221025,17:31:00,151.3,151.46,151.3,151.43,20
20221025,17:32:00,151.46,151.46,151.4,151.4,2
20221025,17:33:00,151.4,151.65,151.4,151.63,27
20221025,17:34:00,151.66,151.66,151.57,151.65,29
20221025,17:35:00,151.65,151.67,151.65,151.66,3
20221025,17:36:00,151.6,151.6,151.53,151.59,7
20221025,17:37:00,151.65,151.69,151.65,151.69,5
20221025,17:38:00,151.74,151.74,151.73,151.74,3
20221025,17:39:00,151.77,151.77,151.64,151.64,13
20221025,17:40:00,151.53,151.53,151.48,151.48,4
20221025,17:41:00,151.51,151.59,151.5,151.51,13
20221025,17:42:00,151.57,151.62,151.57,151.62,3
20221025,17:43:00,151.61,151.66,151.61,151.66,4
20221025,17:44:00,151.77,151.79,151.55,151.55,19
20221025,17:45:00,151.47,151.47,151.37,151.44,12
20221025,17:46:00,151.49,151.52,151.38,151.38,5
20221025,17:47:00,151.47,151.47,151.47,151.47,1
20221025,17:48:00,151.43,151.68,151.43,151.65,17
20221025,17:49:00,151.7,151.7,151.59,151.65,5
20221025,17:50:00,151.65,151.65,151.46,151.56,19
20221025,17:51:00,151.66,151.68,151.58,151.59,8
20221025,17:52:00,151.58,151.6,151.53,151.6,64
20221025,17:53:00,151.54,151.57,151.54,151.55,6
20221025,17:54:00,151.59,151.65,151.59,151.65,7
20221025,17:55:00,151.7,151.7,151.7,151.7,3
20221025,17:56:00,151.81,151.91,151.77,151.77,17
20221025,17:57:00,151.59,151.59,151.59,151.59,1
20221025,17:58:00,151.58,151.58,151.58,151.58,1
20221025,17:59:00,151.51,151.53,151.39,151.4,7
20221025,18:00:00,151.48,151.55,151.48,151.55,9
20221025,18:01:00,151.46,151.46,151.44,151.44,7
20221025,18:02:00,151.44,151.5,151.42,151.5,17
20221025,18:03:00,151.41,151.42,151.4,151.41,5
20221025,18:04:00,151.42,151.43,151.41,151.42,7
20221025,18:05:00,151.42,151.42,151.36,151.36,2
20221025,18:06:00,151.42,151.42,151.42,151.42,4
20221025,18:07:00,151.44,151.45,151.18,151.19,44
20221025,18:08:00,151.3,151.3,151.11,151.11,18
20221025,18:09:00,151.1,151.1,150.85,150.89,23
20221025,18:10:00,150.92,151.04,150.91,150.97,13
20221025,18:11:00,151.05,151.11,151.01,151.11,11
20221025,18:12:00,151.13,151.14,151.08,151.11,10
20221025,18:13:00,151.18,151.39,151.18,151.38,12
20221025,18:14:00,151.48,151.48,151.41,151.41,2
20221025,18:15:00,151.5,151.51,151.49,151.49,2
20221025,18:16:00,151.59,151.73,151.59,151.69,3
20221025,18:17:00,151.71,151.87,151.61,151.61,15
20221025,18:18:00,151.54,151.54,151.54,151.54,1
20221025,18:19:00,151.43,151.68,151.38,151.68,6
20221025,18:20:00,151.8,151.8,151.8,151.8,1
20221025,18:21:00,151.77,151.77,151.76,151.77,1
20221025,18:22:00,151.72,151.73,151.72,151.73,3
20221025,18:23:00,151.73,151.73,151.73,151.73,0
20221025,18:24:00,151.73,151.73,151.73,151.73,0
20221025,18:25:00,151.58,151.58,151.57,151.58,1
20221025,18:26:00,151.56,151.56,151.56,151.56,2
20221025,18:27:00,151.63,151.63,151.63,151.63,1
20221025,18:28:00,151.48,151.5,151.32,151.35,13
20221025,18:29:00,151.35,151.35,151.13,151.15,22
20221025,18:30:00,151.1,151.17,151.09,151.14,4
20221025,18:31:00,151.14,151.14,151.14,151.14,0
20221025,18:32:00,151.25,151.26,151.25,151.26,4
20221025,18:33:00,151.21,151.21,151.09,151.09,2
20221025,18:34:00,150.96,150.96,150.95,150.95,2
20221025,18:35:00,150.95,150.95,150.95,150.95,0
20221025,18:36:00,150.93,150.95,150.93,150.94,2
20221025,18:37:00,150.94,150.94,150.94,150.94,0
20221025,18:38:00,150.9,150.9,150.78,150.78,6
20221025,18:39:00,150.78,150.78,150.78,150.78,0
20221025,18:40:00,150.77,150.83,150.77,150.83,3
20221025,18:41:00,150.84,150.84,150.84,150.84,3
20221025,18:42:00,150.85,150.85,150.79,150.79,4
20221025,18:43:00,150.79,150.79,150.79,150.79,0
20221025,18:44:00,150.83,150.83,150.77,150.78,14
20221025,18:45:00,150.85,150.85,150.85,150.85,1
20221025,18:46:00,150.88,150.88,150.87,150.88,1
20221025,18:47:00,150.88,150.88,150.88,150.88,1
20221025,18:48:00,150.82,150.82,150.68,150.68,10
20221025,18:49:00,150.69,150.69,150.68,150.69,1
20221025,18:50:00,150.65,150.82,150.62,150.82,11
20221025,18:51:00,150.79,150.82,150.76,150.77,3
20221025,18:52:00,150.84,150.84,150.71,150.71,3
20221025,18:53:00,150.71,150.71,150.71,150.71,0
20221025,18:54:00,150.77,150.77,150.76,150.77,2
20221025,18:55:00,150.71,150.72,150.39,150.47,251
20221025,18:56:00,150.42,150.42,150.33,150.42,13
20221025,18:57:00,150.46,150.46,150.25,150.25,6
20221025,18:58:00,150.23,150.32,150.19,150.32,7
20221025,18:59:00,150.29,150.35,150.29,150.35,471
20221025,19:00:00,150.32,150.72,150.13,150.72,21
20221025,19:01:00,150.68,150.68,150.46,150.62,14
20221025,19:02:00,150.64,150.64,150.63,150.64,1
20221025,19:03:00,150.73,150.73,150.49,150.49,6
20221025,19:04:00,150.5,150.5,150.5,150.5,2
20221025,19:05:00,150.54,150.57,150.5,150.54,5
20221025,19:06:00,150.51,150.51,150.31,150.41,9
20221025,19:07:00,150.33,150.45,150.33,150.45,2
20221025,19:08:00,150.47,150.48,150.33,150.45,16
20221025,19:09:00,150.45,150.6,150.45,150.59,4
20221025,19:10:00,150.53,150.62,150.52,150.62,2
20221025,19:11:00,150.67,150.67,150.58,150.66,4
20221025,19:12:00,150.65,150.78,150.6,150.61,10
20221025,19:13:00,150.69,150.71,150.59,150.65,14
20221025,19:14:00,150.79,150.79,150.68,150.68,5
20221025,19:15:00,150.79,150.82,150.59,150.59,16
20221025,19:16:00,150.53,150.54,150.46,150.54,3
20221025,19:17:00,150.51,150.64,150.46,150.64,6
20221025,19:18:00,150.84,150.87,150.84,150.87,3
20221025,19:19:00,150.87,150.93,150.87,150.93,4
20221025,19:20:00,150.96,150.98,150.83,150.83,11
20221025,19:21:00,150.82,150.82,150.72,150.75,18
20221025,19:22:00,150.8,150.8,150.8,150.8,1
20221025,19:23:00,150.81,151.02,150.8,151.02,5
20221025,19:24:00,151.05,151.12,151.04,151.06,8
20221025,19:25:00,151.08,151.2,151.08,151.2,4
20221025,19:26:00,151.23,151.41,151.23,151.41,5
20221025,19:27:00,151.29,151.29,151.12,151.16,10
20221025,19:28:00,151.21,151.23,151.21,151.21,5
20221025,19:29:00,151.28,151.4,151.27,151.4,3
20221025,19:30:00,151.54,151.54,151.54,151.54,1
20221025,19:31:00,151.59,151.59,151.32,151.33,14
20221025,19:32:00,151.39,151.39,151.39,151.39,1
20221025,19:33:00,151.26,151.26,151.26,151.26,1
20221025,19:34:00,151.36,151.36,151.21,151.21,4
20221025,19:35:00,151.24,151.24,151.23,151.24,1
20221025,19:36:00,151.22,151.22,151.22,151.22,1
20221025,19:37:00,151.22,151.24,151.04,151.22,7
20221025,19:38:00,151.17,151.17,151.17,151.17,1
20221025,19:39:00,151.17,151.17,151.16,151.17,3
20221025,19:40:00,151.12,151.12,151.01,151.01,3
20221025,19:41:00,151.04,151.05,151.04,151.04,3
20221025,19:42:00,151.05,151.05,150.9,150.9,8
20221025,19:43:00,150.9,150.91,150.89,150.91,2
20221025,19:44:00,150.85,150.86,150.85,150.86,2
20221025,19:45:00,150.75,150.92,150.75,150.92,8
20221025,19:46:00,150.91,151.03,150.9,151.03,3
20221025,19:47:00,150.96,151.02,150.95,151.02,2
20221025,19:48:00,151.02,151.02,151.02,151.02,0
20221025,19:49:00,151.04,151.04,150.89,150.89,12
20221025,19:50:00,150.82,150.82,150.7,150.7,5
20221025,19:51:00,150.84,151.24,150.82,151.24,10
20221025,19:52:00,151.24,151.24,151.17,151.19,4
20221025,19:53:00,151.26,151.26,151.26,151.26,1
20221025,19:54:00,151.22,151.23,151.16,151.18,8
20221025,19:55:00,151.06,151.14,151.05,151.05,6
20221025,19:56:00,151.2,151.21,151.2,151.21,3
20221025,19:57:00,151.31,151.35,151.23,151.35,6
20221025,19:58:00,151.31,151.47,151.31,151.39,12
20221025,19:59:00,151.39,151.39,151.27,151.33,8
20221025,20:00:00,151.24,151.35,151.24,151.28,6
20221025,20:01:00,151.37,151.44,151.36,151.44,4
20221025,20:02:00,151.37,151.39,151.36,151.39,4
20221025,20:03:00,151.42,151.48,151.42,151.44,4
20221025,20:04:00,151.53,151.53,151.52,151.53,1
20221025,20:05:00,151.53,151.55,151.49,151.49,6
20221025,20:06:00,151.54,151.57,151.53,151.53,3
20221025,20:07:00,151.49,151.51,151.43,151.49,7
20221025,20:08:00,151.5,151.5,151.5,151.5,1
20221025,20:09:00,151.56,151.71,151.52,151.71,16
20221025,20:10:00,151.71,151.71,151.71,151.71,0
20221025,20:11:00,151.71,151.71,151.71,151.71,0
20221025,20:12:00,151.73,151.73,151.68,151.69,2
20221025,20:13:00,151.64,151.64,151.58,151.58,7
20221025,20:14:00,151.58,151.61,151.54,151.61,9
20221025,20:15:00,151.74,151.74,151.65,151.65,6
20221025,20:16:00,151.69,151.7,151.68,151.69,3
20221025,20:17:00,151.72,151.76,151.72,151.73,7
20221025,20:18:00,151.72,151.73,151.69,151.69,5
20221025,20:19:00,151.69,151.69,151.69,151.69,0
20221025,20:20:00,151.68,151.7,151.68,151.7,5
20221025,20:21:00,151.67,151.71,151.64,151.71,6
20221025,20:22:00,151.71,151.71,151.71,151.71,0
20221025,20:23:00,151.74,151.79,151.74,151.79,2
20221025,20:24:00,151.8,151.81,151.8,151.81,5
20221025,20:25:00,151.91,151.94,151.9,151.94,4
20221025,20:26:00,151.91,151.95,151.91,151.95,2
20221025,20:27:00,151.99,151.99,151.96,151.96,2
20221025,20:28:00,151.96,151.96,151.96,151.96,0
20221025,20:29:00,151.99,152.0,151.99,152.0,2
20221025,20:30:00,152.0,152.11,151.98,152.11,20
20221025,20:31:00,152.11,152.11,152.11,152.11,0
20221025,20:32:00,152.11,152.11,152.11,152.11,0
20221025,20:33:00,152.15,152.23,152.15,152.18,9
20221025,20:34:00,152.27,152.27,152.16,152.21,17
20221025,20:35:00,152.18,152.18,152.03,152.03,5
20221025,20:36:00,152.06,152.14,152.06,152.14,6
20221025,20:37:00,152.18,152.18,152.17,152.18,4
20221025,20:38:00,152.18,152.18,152.18,152.18,0
20221025,20:39:00,152.24,152.27,152.23,152.27,8
20221025,20:40:00,152.34,152.34,152.29,152.31,16
20221025,20:41:00,152.25,152.31,152.19,152.19,13
20221025,20:42:00,152.19,152.19,152.1,152.1,4
20221025,20:43:00,151.99,151.99,151.98,151.99,3
20221025,20:44:00,151.94,152.06,151.93,152.06,11
20221025,20:45:00,152.06,152.06,152.06,152.06,0
20221025,20:46:00,152.05,152.05,152.05,152.05,5
20221025,20:47:00,152.05,152.05,151.97,151.97,10
20221025,20:48:00,151.98,151.98,151.97,151.97,2
20221025,20:49:00,151.89,151.92,151.89,151.9,8
20221025,20:50:00,151.9,151.9,151.86,151.86,9
20221025,20:51:00,151.86,151.92,151.84,151.92,6
20221025,20:52:00,151.94,151.95,151.92,151.92,3
20221025,20:53:00,151.93,151.98,151.92,151.98,7
20221025,20:54:00,151.93,151.94,151.93,151.94,3
20221025,20:55:00,151.94,151.98,151.93,151.98,9
20221025,20:56:00,152.0,152.06,152.0,152.05,14
20221025,20:57:00,152.04,152.04,151.94,151.94,4
20221025,20:58:00,151.98,151.98,151.98,151.98,1
20221025,20:59:00,152.03,152.03,151.94,151.98,3
20221025,21:00:00,152.04,152.12,152.04,152.11,9
20221025,21:01:00,152.1,152.15,152.1,152.15,4
20221025,21:02:00,152.22,152.22,152.19,152.19,2
20221025,21:03:00,152.19,152.23,152.18,152.23,9
20221025,21:04:00,152.23,152.43,152.23,152.43,9
20221025,21:05:00,152.59,152.59,152.58,152.58,2
20221025,21:06:00,152.53,152.59,152.53,152.59,3
20221025,21:07:00,152.69,152.69,152.69,152.69,1
20221025,21:08:00,152.67,152.77,152.67,152.74,37
20221025,21:09:00,152.78,152.78,152.74,152.74,2
20221025,21:10:00,152.79,152.8,152.73,152.8,5
20221025,21:11:00,152.74,152.91,152.74,152.91,2
20221025,21:12:00,152.8,152.89,152.72,152.78,13
20221025,21:13:00,152.82,152.88,152.74,152.78,11
20221025,21:14:00,152.84,152.91,152.75,152.81,43
20221025,21:15:00,152.73,152.78,152.73,152.73,3
20221025,21:16:00,152.81,152.91,152.75,152.89,29
20221025,21:17:00,152.89,153.03,152.88,153.0,8
20221025,21:18:00,153.0,153.0,152.9,152.9,14
20221025,21:19:00,152.91,152.91,152.85,152.85,5
20221025,21:20:00,152.96,153.07,152.95,153.06,4
20221025,21:21:00,153.06,153.06,152.95,152.99,13
20221025,21:22:00,153.01,153.07,153.01,153.03,7
20221025,21:23:00,153.04,153.04,152.9,152.92,20
20221025,21:24:00,152.88,152.93,152.87,152.93,7
20221025,21:25:00,152.99,153.06,152.97,153.06,27
20221025,21:26:00,153.06,153.2,153.06,153.19,9
20221025,21:27:00,153.16,153.29,153.16,153.29,48
20221025,21:28:00,153.28,153.28,153.1,153.15,59
20221025,21:29:00,153.15,153.15,153.12,153.12,36
20221025,21:30:00,153.15,153.15,153.02,153.1,66
20221025,21:31:00,153.13,153.15,153.12,153.12,111
20221025,21:32:00,153.13,153.15,153.13,153.15,48
20221025,21:33:00,153.15,153.44,153.15,153.23,31
20221025,21:34:00,153.15,153.15,153.11,153.11,4
20221025,21:35:00,153.1,153.17,153.1,153.16,3
20221025,21:36:00,153.05,153.07,152.85,152.92,18
20221025,21:37:00,152.94,152.98,152.87,152.87,25
20221025,21:38:00,152.78,152.95,152.78,152.94,13
20221025,21:39:00,152.95,153.06,152.95,153.06,13
20221025,21:40:00,153.06,153.07,152.98,153.05,31
20221025,21:41:00,153.02,153.21,153.01,153.16,20
20221025,21:42:00,153.14,153.33,153.14,153.33,20
20221025,21:43:00,153.35,153.36,153.35,153.35,4
20221025,21:44:00,153.41,153.47,153.3,153.37,30
20221025,21:45:00,153.31,153.38,153.31,153.38,18
20221025,21:46:00,153.32,153.47,153.32,153.39,15
20221025,21:47:00,153.47,153.62,153.36,153.6,35
20221025,21:48:00,153.56,153.56,153.45,153.5,41
20221025,21:49:00,153.56,153.56,153.51,153.53,9
20221025,21:50:00,153.56,153.68,153.54,153.59,81
20221025,21:51:00,153.59,153.82,153.59,153.81,39
20221025,21:52:00,153.9,153.95,153.79,153.79,92
20221025,21:53:00,153.82,153.82,153.57,153.57,25
20221025,21:54:00,153.57,153.67,153.45,153.45,67
20221025,21:55:00,153.44,153.57,153.35,153.46,87
20221025,21:56:00,153.44,153.47,153.39,153.44,116
20221025,21:57:00,153.45,153.45,153.24,153.25,147
20221025,21:58:00,153.26,153.48,153.24,153.43,108
20221025,21:59:00,153.43,153.58,153.19,153.39,180
